"","V1","V2","V3","V4","V5","V6","V7","V8","V9","V10","V11","V12","V13","V14","V15"
"1",-2.83801234342997e-07,5.34082108632e-07,-2.85810674738178e-07,0.0617012212990617,0.060227002626659,0.0617179581605514,0.00380331421222661,0.00362394979724496,0.00380537894088986,0.0611350382234293,0.059651770167622,0.0611254809860156,56,63,56
"2",-4.20322540951909e-07,9.51613866830549e-07,-4.30895893071991e-07,0.0647603136204288,0.0593335273140015,0.0647669002151823,0.0041898809930345,0.00351785256500939,0.00419074228339057,0.0609305331652822,0.0563035463181993,0.060930443553982,57,52,57
"3",1.26184428853884e-06,-1.82078162125898e-07,1.26554000467883e-06,0.0625193790661267,0.0534346633913097,0.062510467446024,0.00390635633706374,0.00285244114094796,0.00390525257328355,0.0610190713182653,0.053330210742033,0.0610110576231275,63,59,61
"4",3.00461978316932e-06,3.40869706248561e-06,3.01419291972693e-06,0.0593386366056876,0.0503339408315131,0.0593359320199007,0.00352658046046904,0.00254259130969443,0.00352631743479894,0.0608906312765593,0.0515922058902739,0.0608912151611873,50,44,50
"5",-1.58051665454545e-06,-9.11033623450027e-07,-1.58051665454545e-06,0.0604758009887242,0.0522247924411518,0.0604758009887242,0.00365616321561785,0.00272553149883893,0.00365616321561785,0.0609891467045964,0.0528404039798971,0.0609891467045964,44,43,44
"6",4.063676899867e-07,4.063676899867e-07,4.063676899867e-07,0.0631458917184147,0.0631458917184147,0.0631458917184147,0.00398358137197231,0.00398358137197231,0.00398358137197231,0.0610379776062459,0.0610379776062459,0.0610379776062459,51,51,51
"7",6.59109150731687e-07,0.00014188228451649,4.61640322799723e-07,0.0604194004496175,0.0634352955966246,0.0617334729286376,0.00364728787161313,0.0241505953503219,0.00380742376993864,0.0610305927780599,0.128321044513533,0.104819297714229,47,44,1
"8",-4.22269034871425e-07,0.00019387810167002,-3.27357825725195e-07,0.0616426824212089,0.0715028762517471,0.0625719096549491,0.00379619878692374,0.0426962669581308,0.00391143579713531,0.0611225411701286,0.104167320490233,0.08528564645387,46,451,5
"9",-1.16175610255282e-06,0.000290731538014646,-6.36710877270565e-07,0.0607215595103916,0.0690601964391007,0.0626763874471633,0.00368477035882647,0.0892893686178365,0.00392480661462473,0.0612116239716535,0.0875051331341266,0.0790159492250341,44,946,11
"10",3.0020166611331e-07,-0.00023151591535411,-5.43434713700321e-07,0.061018511378669,0.0517928322518802,0.0620248096453643,0.00371962559317822,0.0562794340374504,0.00384352525582019,0.0610394072388197,0.0749402954588542,0.0838605475867165,51,949,6
"11",-2.9340857849275e-06,-0.000187362573489614,-2.9340857849275e-06,0.0630829865418666,0.108418398794351,0.0630829865418666,0.00398409258724359,0.0468475285925847,0.00398409258724359,0.0610254229481515,0.0706675504189077,0.0610254229481515,66,664,66
"12",7.83530275070824e-07,7.83530275070824e-07,7.83530275070824e-07,0.0592866014842782,0.0592866014842782,0.0592866014842782,0.00351200013413202,0.00351200013413202,0.00351200013413202,0.0609558269072072,0.0609558269072072,0.0609558269072072,53,53,53
"13",1.027209743891e-06,1.05803438586284e-06,1.03093010476285e-06,0.0635266638316684,0.0619567681262994,0.0635426539112104,0.00403265654042217,0.00383592191230104,0.00403469401409469,0.061067006022082,0.0595651426433245,0.0610410663781997,683,701,684
"14",-6.0294263067074e-07,8.28764252131943e-07,-6.02965419790917e-07,0.0618945088764346,0.0569632574091515,0.0618937137210213,0.00382746283864186,0.0032422547321522,0.00382736453367902,0.0609875217834623,0.0562981218685983,0.0609801440610627,695,752,695
"15",1.61334180433434e-06,2.28517367982474e-06,1.61407745242973e-06,0.0610097204235199,0.0532665959923715,0.0610157474415668,0.00372106667194751,0.00283971493711288,0.00372180376043965,0.06099170286026,0.0533404209596196,0.0609894897379257,699,807,700
"16",1.20488352121228e-06,-7.82674762877772e-07,1.21047887580406e-06,0.0582630386092253,0.0505175110538545,0.0582621577857004,0.00339263883061178,0.00255007948393768,0.00339254980992478,0.0609635115075383,0.0516373998418062,0.0609637788783714,709,840,710
"17",2.27712757800843e-06,1.3057993438711e-06,2.27712757800843e-06,0.0612295296613964,0.0530271185399958,0.0612295296613964,0.0037504915572598,0.00281076853728056,0.0037504915572598,0.0610418771311729,0.0528868773608663,0.0610418771311729,703,815,703
"18",-2.07829003523718e-06,-2.07829003523718e-06,-2.07829003523718e-06,0.0608507923593888,0.0608507923593888,0.0608507923593888,0.00370343540130526,0.00370343540130526,0.00370343540130526,0.0611402648651108,0.0611402648651108,0.0611402648651108,674,674,674
"19",1.26366607063619e-06,-6.44970563487852e-05,9.8800701386575e-07,0.0607283113161578,0.0600004675707,0.0619285584210491,0.00368583671945495,0.00775632633025229,0.00383228735962063,0.0611372034043208,0.105895108331314,0.107853627301816,696,16,167
"20",3.23111542646537e-06,-7.86490437135425e-05,3.43315991729356e-06,0.0597878890108421,0.0729703261612839,0.0597971372252625,0.00358145718759955,0.0115050159086388,0.00358390850973424,0.061355532654186,0.0783979598953289,0.0649440927830109,707,146,675
"21",1.85145061037477e-07,0.000129065053230723,2.76838913619366e-07,0.0591664972838629,0.0735737385039388,0.0604290049316657,0.00349720800513413,0.0220654698678981,0.00364808961217834,0.0610012641558369,0.100271227520674,0.0774270068168095,694,877,500
"22",3.09539917872944e-06,0.000440197813368954,3.06653126551768e-06,0.0574201360464128,0.051236639933624,0.0594504812859619,0.00330335644764064,0.196396682973225,0.00354022897940977,0.0609841406572986,0.0955266631266206,0.09912300972194,716,1000,257
"23",-3.11102585472491e-08,-0.000275462562213732,-3.11102585472491e-08,0.0625006279572646,0.0947554008149687,0.0625006279572646,0.00390242313440554,0.0848492305789761,0.00390242313440554,0.0610339549855878,0.0661687394634549,0.0610339549855878,679,559,679
"24",5.41589064391939e-07,5.41589064391939e-07,5.41589064391939e-07,0.0612587540511782,0.0612587540511782,0.0612587540511782,0.00374917563166951,0.00374917563166951,0.00374917563166951,0.0611207680235777,0.0611207680235777,0.0611207680235777,699,699,699
"25",-2.19695082432384e-06,-2.46361029912284e-06,-2.20146613604859e-06,0.0657499503444437,0.0649319182164838,0.0657417427222896,0.00432355950725102,0.00421800722497481,0.00432250121257573,0.0668105703629727,0.0659163353868825,0.0667948342281174,55,52,55
"26",-9.01148417980423e-07,4.36804484289444e-07,-9.04108846659175e-07,0.066395658836137,0.0642189115656467,0.0663986650046829,0.00440478719724365,0.00412013533223116,0.0044051913444963,0.0667136368443028,0.063648022249019,0.0667142911091316,43,55,43
"27",-3.39269821902375e-06,-2.20773683957289e-06,-3.39050794987615e-06,0.0645934274297293,0.0592871998001868,0.0645892076347655,0.00417964895745796,0.00351633119003992,0.00417908952130214,0.0668526359497375,0.0610731981197639,0.066845736626861,44,43,44
"28",1.80450089559652e-06,6.18113211844379e-07,1.80128834108208e-06,0.0664361199024794,0.0588027064684924,0.0664360871317316,0.00441260049315112,0.00345468259367431,0.00441258455938938,0.0668521584978777,0.0588084486167915,0.0668492314871725,49,55,49
"29",-3.00046919856263e-06,-2.55378786924318e-06,-3.00046919856263e-06,0.0662725015836095,0.0566773399191326,0.0662725015836095,0.00439665523709491,0.00321563037192969,0.00439665523709491,0.0665586977441066,0.0583256819894911,0.0665586977441066,47,39,47
"30",3.57163092341872e-09,3.57163092341872e-09,3.57163092341872e-09,0.0667582061149697,0.0667582061149697,0.0667582061149697,0.00445220143836163,0.00445220143836163,0.00445220143836163,0.0667757114871779,0.0667757114871779,0.0667757114871779,52,52,52
"31",-3.5794343091017e-06,-8.39835904984699e-05,-1.6441957019104e-06,0.06754102659485,0.0745899423530754,0.0790747432911043,0.00457004083318594,0.0126113393137495,0.00624926559103367,0.0666927996808075,0.10876444591952,0.106500697005891,51,45,22
"32",1.48078203330495e-07,0.00036724817059001,-9.5335674595388e-08,0.0661380265881797,0.0741551880462882,0.0847232204667005,0.00436988624957208,0.140364711723975,0.00717085515105374,0.066829187796631,0.203110460997381,0.160912743891425,53,343,0
"33",-1.5761570948424e-06,0.000353832945654869,7.71180768731053e-07,0.0676970622663555,0.0820718092687922,0.0798637102165392,0.00458079361844293,0.131926799525577,0.00637242871711986,0.0667958421337491,0.125338049319158,0.110654390199957,44,891,8
"34",1.60035845242885e-07,0.000336253675001575,9.23996740125769e-07,0.0661068148469897,0.0674514773854022,0.082117138114387,0.00436576646971672,0.117611686051737,0.00673733491770097,0.0666402810110557,0.0993289991362327,0.107744468111757,54,975,11
"35",1.69610575857223e-06,0.000114700911659944,1.69610575857223e-06,0.0661843892232327,0.0591208024203516,0.0661843892232327,0.00437886977821976,0.0166480731451697,0.00437886977821976,0.0665902330004374,0.0597518931853138,0.0665902330004374,53,489,53
"36",1.2177671860693e-06,1.2177671860693e-06,1.2177671860693e-06,0.0652044247120881,0.0652044247120881,0.0652044247120881,0.00424884834195181,0.00424884834195181,0.00424884834195181,0.0667280164132616,0.0667280164132616,0.0667280164132616,36,36,36
"37",1.57433431118216e-06,1.68776027973073e-06,1.58032729717776e-06,0.0658079704309988,0.0653401668179809,0.0658113264873321,0.00432883681179834,0.0042679165971636,0.0043292969976944,0.0668015171162381,0.0658985619090542,0.0667839002062738,607,615,609
"38",5.32669281944106e-07,-1.73256171951017e-07,5.3200971944689e-07,0.0659338884167144,0.0624074827251412,0.0659458378990282,0.00434321410066992,0.00389082922388984,0.00434478771701028,0.0667731156722979,0.0636538182987333,0.0667558799941199,606,650,607
"39",7.95227007693726e-07,7.25314949064712e-07,7.95968846205293e-07,0.0658504969007297,0.0622412303526072,0.0658457631328802,0.00433258404012472,0.00387062286682585,0.00433196242443293,0.0668387195115824,0.0610624572890155,0.0668354498193127,614,698,615
"40",-1.85656838726073e-06,-1.48395404598139e-06,-1.85854565766265e-06,0.0669147137446401,0.0583053563018588,0.0669196350746896,0.00447654818278817,0.0033983171785238,0.00447721351293271,0.0667622973434926,0.0587046573100298,0.066763335091788,604,719,604
"41",-2.58133903358048e-06,-1.61177568816745e-06,-2.58133903358048e-06,0.0686191079735778,0.0610680303950574,0.0686191079735778,0.00471053670831673,0.0037281728528643,0.00471053670831673,0.0668595991835544,0.0586166192220784,0.0668595991835544,583,692,583
"42",3.92607836528803e-07,3.92607836528803e-07,3.92607836528803e-07,0.0675367959695926,0.0675367959695926,0.0675367959695926,0.00455681173194185,0.00455681173194185,0.00455681173194185,0.0668851454850912,0.0668851454850912,0.0668851454850912,615,615,615
"43",1.4854931260782e-06,-5.38429247569425e-05,1.63023245194292e-06,0.0659924548614284,0.0687041073607502,0.0719116895155362,0.00435285578436666,0.00761459466025104,0.00516877745573726,0.0667896655076512,0.091671581032062,0.0903622489433277,626,120,369
"44",-5.67968637559431e-06,0.000185346330050773,-8.03281707832362e-06,0.0646895311090666,0.0707587520474201,0.0796719124226106,0.00421280953700089,0.0393550562536071,0.00640579216566088,0.0668165998907203,0.108545425528372,0.109654820915086,599,948,177
"45",3.06070717173448e-06,-0.000176457298721499,3.32649838005378e-06,0.0669727018374499,0.0752901837590709,0.0705684120369425,0.00449022537700767,0.0368001214307925,0.00498598646811077,0.066745298683931,0.0980553330036528,0.0885106039324455,633,15,398
"46",-2.30853429610969e-06,0.000266237282815088,-5.41414932223418e-07,0.0662976293600884,0.0657764473971407,0.0786494104960645,0.0043963096137052,0.0752045052519177,0.00617983717173592,0.0668498816182421,0.0936019240037145,0.104248313471775,614,999,254
"47",2.61175754892398e-06,0.000183689387275831,2.61175754892398e-06,0.064915439139819,0.061544640882737,0.064915439139819,0.00421662150197118,0.0375257460763339,0.00421662150197118,0.0665970806189157,0.0630540544842786,0.0665970806189157,636,1000,636
"48",-4.9647785359009e-07,-4.9647785359009e-07,-4.9647785359009e-07,0.067997421795111,0.067997421795111,0.067997421795111,0.00461927221167057,0.00461927221167057,0.00461927221167057,0.0667632740667017,0.0667632740667017,0.0667632740667017,612,612,612
"49",-1.00854362353157e-06,-8.49840295825186e-07,-1.01222030034937e-06,0.06824036411674,0.0677580631100708,0.0682351343081885,0.00465310770773104,0.00458728618984031,0.0046524021104389,0.0673652104787868,0.0668278051364192,0.0673576219737445,45,49,46
"50",-8.57912997921489e-07,-1.30138896282158e-06,-8.60143972463681e-07,0.0648203438104366,0.0627875407031243,0.0648174968696283,0.0041982113094435,0.0039400266055115,0.0041978464401972,0.0674763778231364,0.0655016796041872,0.0674927607155831,50,48,50
"51",1.22710178514718e-06,4.36777546386644e-07,1.21533867269569e-06,0.0642633917715955,0.0612979649078366,0.0642595458664676,0.0041271595172587,0.00375387383596555,0.00412663699381903,0.067455368534179,0.0634493326574238,0.0674494441514116,44,42,44
"52",-1.6383445787902e-07,5.0201925829838e-07,-1.67801211553874e-07,0.0675173777832816,0.0618752121637593,0.067515712922465,0.00455406454815724,0.00382496536176562,0.00455384127718388,0.0674016332026071,0.0614718385608619,0.0674020350965609,58,55,57
"53",3.17831193294335e-07,9.14470152064545e-07,3.17831193294335e-07,0.0660841304519292,0.0593166131205832,0.0660841304519292,0.00436284620195744,0.00351577838716386,0.00436284620195744,0.0674760164638314,0.0606421476570967,0.0674760164638314,43,48,43
"54",1.42240652781554e-06,1.42240652781554e-06,1.42240652781554e-06,0.0665050611320219,0.0665050611320219,0.0665050611320219,0.00442052347334816,0.00442052347334816,0.00442052347334816,0.0675258843982915,0.0675258843982915,0.0675258843982915,41,41,41
"55",-1.00627908433165e-06,3.76605308745017e-05,-1.7210771384086e-06,0.0662630456005208,0.0674397347374489,0.0687157859183959,0.00438741301864001,0.00596188528938531,0.00472009948166479,0.0674021919170232,0.0875758067886492,0.086810830637415,47,21,14
"56",-3.21718790158894e-06,-9.70547986999009e-05,-3.83299033803885e-06,0.0675677622340368,0.0683161983612635,0.0698359982937849,0.00457118738881614,0.0140820698062553,0.00488688140596334,0.0673558785271011,0.0881288936250584,0.0880739190488215,53,138,20
"57",-2.08714448141458e-06,-4.88333500129353e-05,-2.57370507290602e-06,0.0667641326981061,0.0699855291251016,0.07179733094012,0.00445734813760169,0.00727777238611937,0.00515632583119729,0.0673322502768792,0.0883976179305732,0.0977951607099972,52,39,9
"58",7.54245505854813e-08,0.000194695861943355,7.3919512339933e-07,0.0668039603552597,0.0809001431883572,0.0969274601077386,0.00445831203889079,0.0444447669925949,0.00938608399984479,0.0674652242473631,0.121150094301666,0.141033457862748,44,294,3
"59",2.64740495973588e-06,9.84793755291984e-05,2.64740495973588e-06,0.069267712007708,0.0753277157823179,0.069267712007708,0.00480022666387682,0.0153667779048376,0.00480022666387682,0.0674193868241669,0.0692239442882358,0.0674193868241669,61,317,61
"60",-3.69185480923907e-06,-3.69185480923907e-06,-3.69185480923907e-06,0.0683302981220044,0.0683302981220044,0.0683302981220044,0.00467799040373306,0.00467799040373306,0.00467799040373306,0.0674311917471814,0.0674311917471814,0.0674311917471814,54,54,54
"61",3.57631668839438e-06,3.42372346483052e-06,3.58337693322793e-06,0.0662106414146765,0.0652874476026211,0.0662030946636625,0.00439225522856202,0.00426991024601416,0.00439130748354839,0.0674126569153516,0.0668702241504225,0.0673955318744549,627,636,627
"62",-3.97233606533663e-06,-3.58332126930748e-06,-3.97511309261707e-06,0.0676798666933948,0.0658487436688227,0.0676808130856529,0.00459176324509604,0.00434456117703863,0.00459191329157425,0.0675139567023082,0.0655270488555517,0.0674976519124822,565,617,567
"63",-5.73976983318102e-07,-1.0233281819459e-06,-5.72516928955539e-07,0.0652457495106881,0.0614109276716344,0.0652459857983168,0.00425308027095963,0.00376857793602118,0.00425310939976531,0.0674272291333052,0.0634468510346086,0.0674234772355187,603,661,604
"64",-2.30708624925237e-06,-2.30051986045776e-06,-2.30626898997904e-06,0.0688067252681067,0.0628697578827195,0.0688101146952362,0.00473495372364007,0.0039539462414039,0.00473541592914133,0.0674005595484132,0.0614353768889884,0.0673989764930622,584,656,583
"65",-1.99217773312818e-06,-2.14476564556154e-06,-1.99217773312818e-06,0.0661490905704177,0.0608478033166607,0.0661490905704177,0.00437529525323041,0.00370335273296894,0.00437529525323041,0.0674345725464086,0.060593268304812,0.0674345725464086,603,683,603
"66",1.10232156544599e-06,1.10232156544599e-06,1.10232156544599e-06,0.0666744381092549,0.0666744381092549,0.0666744381092549,0.00444225032932133,0.00444225032932133,0.00444225032932133,0.0675091206299569,0.0675091206299569,0.0675091206299569,616,616,616
"67",7.43439148058005e-07,-7.2154208043177e-05,-4.28344443008079e-07,0.0694225625003887,0.0950855606550427,0.0978657126722662,0.00481522539370314,0.0142384523195768,0.00956830349809556,0.0673080860580027,0.141633135068021,0.14324096837193,607,17,96
"68",-2.16990411134842e-07,0.000160696813195984,1.76051485291946e-08,0.0689243489669863,0.0729471340326388,0.0775969291300801,0.00474586239948091,0.0311394288505572,0.0060152624369495,0.0675447734559674,0.118644423756916,0.110304722000253,590,864,187
"69",9.31283255308447e-08,9.44304312143035e-05,2.7130222690464e-08,0.0658497607668757,0.067498078284115,0.0660573013364439,0.00433186347494672,0.0134685409207958,0.00435920422884288,0.0673688456094586,0.0709909363586633,0.0706730338473142,600,935,572
"70",6.49750102710051e-08,5.67435864146072e-05,6.79652420737667e-08,0.0649223537770555,0.0605691448904698,0.0649242329144219,0.00421070132968515,0.00688478729064196,0.00421094548278071,0.0673841040054365,0.0620378769192729,0.0674270162372854,612,928,612
"71",-1.47384344871518e-06,-0.000111969974905097,-1.47384344871518e-06,0.065108308626916,0.0712015377515335,0.065108308626916,0.00423702497491681,0.0176018645994528,0.00423702497491681,0.0673342127557176,0.0684402649616414,0.0673342127557176,615,92,615
"72",2.39787218136462e-06,2.39787218136462e-06,2.39787218136462e-06,0.0660018354258306,0.0660018354258306,0.0660018354258306,0.00435763582829701,0.00435763582829701,0.00435763582829701,0.0674720394626258,0.0674720394626258,0.0674720394626258,623,623,623
"73",-1.77562388737392e-06,-1.64125309402394e-06,-1.79578311347658e-06,0.0628247663307014,0.0617492860796967,0.0628321520761853,0.00394615715343213,0.00381185506873952,0.00394715629218099,0.0607989323600507,0.0592846027380533,0.0607888960384824,66,69,66
"74",-2.67835115441599e-06,-1.83035311410984e-06,-2.68553635441032e-06,0.0595840658178021,0.0556901541057255,0.0595935893070946,0.00355388420338716,0.00310164206357747,0.00355505659612702,0.060782733684735,0.0561114772888323,0.0607725441989481,40,48,39
"75",-1.34096744736437e-06,-4.05044578165571e-07,-1.34250771801303e-06,0.0596718325850569,0.052929290139252,0.0596761735843304,0.00355896507014989,0.00279887230600078,0.0035594867749464,0.0608899961444824,0.0532091669875031,0.0608905184337539,49,43,49
"76",2.52748641917469e-06,1.73711118931876e-06,2.52661811790627e-06,0.060857537938617,0.0524037904451447,0.060854546059797,0.00370632447162537,0.00274642865104968,0.00370595629948155,0.0607912299223721,0.0514756618623004,0.060784311491804,51,57,50
"77",-8.2265877130654e-07,-1.853193169355e-06,-8.2265877130654e-07,0.0606968214461336,0.0532447374456557,0.0606968214461336,0.00368109679698417,0.00283560138851409,0.00368109679698417,0.0608275398363391,0.0527004381864995,0.0608275398363391,43,43,43
"78",-1.20628205812934e-06,-1.20628205812934e-06,-1.20628205812934e-06,0.0595110068813347,0.0595110068813347,0.0595110068813347,0.003539473496494,0.003539473496494,0.003539473496494,0.0609056406488199,0.0609056406488199,0.0609056406488199,51,51,51
"79",2.19136252951224e-06,-0.00010275244020998,1.40870026890985e-06,0.0598403152311757,0.0587324780360039,0.060704415302636,0.00358208453337526,0.0140041184413789,0.0036833254476453,0.0609127084859862,0.124648223443147,0.125542649669241,41,10,1
"80",-2.60756502788873e-06,-0.00023860148471472,-2.70109658864987e-06,0.0601068724296435,0.0615079240801096,0.0608336923710376,0.00361602267253483,0.0607101100079886,0.00370433331214776,0.0609576326889266,0.0956973584179562,0.088662805731096,46,789,3
"81",-2.45545953923386e-07,-0.000348978550375586,-2.59471648573099e-08,0.0595826854698593,0.0730860589979328,0.0605734230003646,0.00354660660420787,0.127122259070075,0.00366547110766248,0.0607999199263346,0.0984679874867964,0.0878443323647661,45,975,5
"82",-1.43173478180397e-06,0.000137722644693887,-1.43644914342068e-06,0.0621889147473781,0.0819138977954705,0.0621959735661803,0.00386564352082464,0.0256707036268734,0.00386653417485879,0.0609621349253668,0.0711740658400459,0.0612691834245135,53,498,52
"83",-1.79717059483984e-07,-0.000118206721676999,-1.79717059483984e-07,0.0594452571451662,0.0509252176256638,0.0594452571451662,0.00353023715667935,0.0165636134620546,0.00353023715667935,0.060883453752924,0.0541990197374797,0.060883453752924,52,599,52
"84",1.53419313634686e-06,1.53419313634686e-06,1.53419313634686e-06,0.0609500121231233,0.0609500121231233,0.0609500121231233,0.00371354282241068,0.00371354282241068,0.00371354282241068,0.0608975551170903,0.0608975551170903,0.0608975551170903,55,55,55
"85",3.26897965020874e-06,3.10590349896337e-06,3.25184928484157e-06,0.0607659168170038,0.0594494846214736,0.0607757205704649,0.0036994903779179,0.00354035361708194,0.00370056904641969,0.060844181247319,0.0593240298450649,0.0608210972825734,706,726,706
"86",1.04165946763759e-06,1.35321830573137e-06,1.0384247338773e-06,0.0603604006572407,0.0552737241133894,0.0603438965287837,0.00364081964398165,0.00305396059256869,0.00363882278835621,0.0609024764209723,0.0562316582509142,0.060888538226594,689,759,689
"87",2.31094045471946e-08,3.47223501674522e-07,2.06817395721963e-08,0.0608432778394131,0.0535199686353024,0.0608446553014022,0.00369820308783035,0.00286164321984115,0.00369837043440205,0.0608191590904358,0.0531575034626781,0.06081415256777,682,794,682
"88",-1.89175798026404e-06,-4.92799221440179e-07,-1.89135634198015e-06,0.059607376458373,0.0505843751708497,0.0596012206981112,0.00355306503717784,0.0025564630834865,0.0035523304320086,0.0608794181642532,0.0515641157386468,0.06087799611761,680,823,680
"89",-1.60169949410169e-06,-1.25336748672757e-06,-1.60169949410169e-06,0.0605404947077006,0.0513931769973201,0.0605404947077006,0.00366405178922308,0.00264018831329278,0.00366405178922308,0.0607528573431152,0.0526524710389218,0.0607528573431152,684,814,684
"90",-6.4139233901544e-07,-6.4139233901544e-07,-6.4139233901544e-07,0.061872750796341,0.061872750796341,0.061872750796341,0.00382482043794755,0.00382482043794755,0.00382482043794755,0.0609519906345423,0.0609519906345423,0.0609519906345423,677,677,677
"91",1.02768037790487e-06,0.000169352621792678,1.65409423463627e-06,0.061041647527019,0.061466837656513,0.0622322808589316,0.00372341277703914,0.0324547044674145,0.0038717199518611,0.0607615669493832,0.122370670145853,0.111910933978186,697,892,142
"92",1.46631929928497e-07,-0.000187660724812744,2.17217976950393e-07,0.0608682597879961,0.062437847436217,0.0620659069950053,0.00370126160549224,0.0391111339449204,0.00384837181795105,0.0609511548883082,0.0842587595803171,0.0770413610566561,698,24,495
"93",2.49943923525536e-07,-7.60642175854293e-05,7.26832006022536e-07,0.0601090623508328,0.053402850834089,0.0612708136415981,0.00360954874928451,0.00863477780961427,0.00375088677646412,0.0608343481813824,0.127531596143659,0.147407266749374,699,0,16
"94",2.86608691514109e-06,-0.000181511102605331,2.62421164912231e-06,0.0585891704661434,0.0496252743177636,0.0600537216609254,0.00343747265922004,0.035406485552265,0.00360972952262197,0.0609700121540156,0.0651368076098593,0.0731160677269089,714,27,559
"95",-3.90176271552308e-07,-9.69099035331283e-05,-3.90176271552308e-07,0.0583518621284061,0.0523213547111422,0.0583518621284061,0.00340168711156155,0.0121263160374506,0.00340168711156155,0.0608338246322876,0.0536879428834483,0.0608338246322876,697,164,697
"96",1.19526775017503e-06,1.19526775017503e-06,1.19526775017503e-06,0.0607433273953081,0.0607433273953081,0.0607433273953081,0.00368749073622514,0.00368749073622514,0.00368749073622514,0.0608740191275398,0.0608740191275398,0.0608740191275398,693,693,693
"97",2.78446124800702e-06,2.84074433378436e-06,2.77549272847231e-06,0.0680292584414397,0.0674319764622079,0.0680300067885054,0.00463110524852975,0.00455059420652009,0.00463115710170625,0.0665766706226939,0.0656936367638634,0.0665802657905511,60,59,60
"98",-8.21590630144534e-07,-1.37304568840537e-06,-8.24219992698028e-07,0.0658811617186565,0.0633689658003028,0.0658975091806407,0.00433666215309392,0.00401349545523579,0.00433881857309278,0.0664545231363909,0.0632549046880701,0.0664421684799441,41,46,41
"99",-5.75715327657473e-07,1.07202955078035e-06,-5.66355541285023e-07,0.0685093393650551,0.0620179448213727,0.0685089049303599,0.00468916749879455,0.00384352850174471,0.00468909734330149,0.0664909545824518,0.0606149432004813,0.0664707789029524,63,54,64
"100",-1.07120670653902e-07,-1.19299391272201e-07,-1.05941795607736e-07,0.066419001971818,0.0586196746376932,0.0664150299872255,0.00440708381394751,0.00343284422071913,0.0044065564756599,0.0665229122105312,0.0584030048965816,0.0665140357606378,47,53,47
"101",1.21475409237672e-06,1.69848220895264e-06,1.21475409237672e-06,0.0629206640056676,0.0550273702337652,0.0629206640056676,0.00395652657646014,0.00302786830518316,0.00395652657646014,0.0665208008774546,0.0582361672934394,0.0665208008774546,37,42,37
"102",-4.39955254829649e-07,-4.39955254829649e-07,-4.39955254829649e-07,0.0648057368009958,0.0648057368009958,0.0648057368009958,0.00419577729942387,0.00419577729942387,0.00419577729942387,0.0665561014651959,0.0665561014651959,0.0665561014651959,46,46,46
"103",-1.6289681239417e-07,0.000223974083904231,-3.66587925535757e-07,0.0655959437441689,0.0764232896534939,0.0835284120500695,0.00429855154322397,0.0559990689429997,0.00697015301069372,0.0665872152283527,0.172887500896175,0.15604148568864,51,65,0
"104",2.76069830527571e-07,8.48552269250459e-05,-3.14296719159729e-07,0.0677508473046451,0.0793319156102286,0.0835753084220162,0.00458566334773816,0.0134876688180551,0.00697794612808498,0.0666011639933706,0.11221860183007,0.122133599161463,51,44,2
"105",-7.22504511737087e-07,-7.00549247047791e-05,-7.25218102837095e-07,0.0647357911552686,0.0610471368690538,0.0647341573654565,0.00418705394661154,0.00863071864238133,0.00418684655998256,0.0665291392025423,0.0618745138456608,0.0665353333075334,39,211,39
"106",7.57861486061005e-07,1.35484691892631e-06,7.5049899447561e-07,0.0654264386306134,0.0552905592355476,0.065437734559355,0.00427691260704559,0.00305582450481274,0.00427837825589705,0.0663746389980574,0.0583633132703688,0.0665410355083815,45,36,44
"107",-7.47302404876618e-07,-0.000127553096617877,-7.47302404876618e-07,0.0624100625685323,0.0766076249101965,0.0624100625685323,0.00389167935478265,0.0221326519229965,0.00389167935478265,0.0665994030594056,0.0704395519357738,0.0665994030594056,37,445,37
"108",1.8693066644455e-07,1.8693066644455e-07,1.8693066644455e-07,0.0666840828480875,0.0666840828480875,0.0666840828480875,0.00444235508145936,0.00444235508145936,0.00444235508145936,0.0665686993969079,0.0665686993969079,0.0665686993969079,47,47,47
"109",1.76257127214346e-06,1.60638053013561e-06,1.76488768225082e-06,0.0672607374950251,0.066242834323429,0.0672619449807211,0.00452258945905569,0.00438630544450966,0.00452275990187794,0.0666302819817999,0.0657505813001324,0.0666390456169859,619,625,618
"110",2.98428122671398e-06,2.87231516053461e-06,2.98562028860949e-06,0.0678405466949908,0.063298226081478,0.0678364630062255,0.00460664337053947,0.00401090895401828,0.00460609785598956,0.0666115739232782,0.0634517995926169,0.0666167111286218,623,684,623
"111",1.66742762072592e-06,2.66022000189714e-07,1.66282742593522e-06,0.0676886398684841,0.0605821021442704,0.06768628334474,0.00457995053014844,0.00366659167682318,0.00457961651511984,0.0665174051632041,0.0606296972594157,0.0665238357413591,628,708,628
"112",-4.48886411283973e-07,-2.17009436609344e-06,-4.51159986742157e-07,0.0665266575632476,0.05780904766177,0.0665276996357822,0.00442157186938131,0.00334325341512699,0.00442171242934366,0.0664818031487675,0.0582995576327353,0.0664792634273832,607,729,607
"113",2.19876744092212e-06,2.01778791686517e-06,2.19876744092212e-06,0.0655316721188876,0.0568510772338562,0.0655316721188876,0.00429494022890594,0.00323288440574469,0.00429494022890594,0.0664923855419816,0.0582089358115503,0.0664923855419816,628,745,628
"114",1.29322901889334e-06,1.29322901889334e-06,1.29322901889334e-06,0.0679624039214818,0.0679624039214818,0.0679624039214818,0.00461594189973516,0.00461594189973516,0.00461594189973516,0.0666264017672308,0.0666264017672308,0.0666264017672308,613,613,613
"115",5.41588742324548e-06,-4.87477982787027e-07,5.35245233679381e-06,0.0667674678191027,0.0687004015026853,0.0686824532587177,0.0044827687007972,0.00471526305624725,0.00474121085226796,0.0665190142692801,0.0768153243258912,0.0781821057296477,652,495,523
"116",-8.17873597267824e-07,0.000265583342043568,-4.86769425015864e-07,0.0661853416731777,0.0757082328100414,0.0810072654193034,0.00437678787016398,0.0762605163497353,0.0065558518181359,0.0664081954359995,0.125405648626016,0.127439589801955,627,991,106
"117",-3.55391042357373e-06,-0.00033687870246152,-3.77440082533803e-06,0.0638207698618109,0.068203611730566,0.0774701684693319,0.00408164785438727,0.118134341092598,0.00600987147725432,0.0664517264684046,0.120190110679043,0.131435370723543,599,240,83
"118",-4.27602738489472e-07,0.000351748106098935,-8.83728831174849e-07,0.0652717421583021,0.071098165855003,0.0737865392852501,0.00425632276815746,0.128776624382945,0.00543978990296111,0.0663638847460112,0.0941259136940316,0.0943452479133592,624,1000,328
"119",-2.2330700424485e-06,0.00011834940891627,-2.2330700424485e-06,0.0660414688358244,0.0769182849946877,0.0660414688358244,0.00436210073220165,0.019917088734788,0.00436210073220165,0.0666654719526628,0.0707120951134883,0.0666654719526628,598,957,598
"120",5.26438034143552e-07,5.26438034143552e-07,5.26438034143552e-07,0.0656640678732825,0.0656640678732825,0.0656640678732825,0.00430773517686117,0.00430773517686117,0.00430773517686117,0.0665995990374214,0.0665995990374214,0.0665995990374214,631,631,631
"121",1.60417724944002e-06,1.20846324150443e-06,1.59904841951053e-06,0.066339040061657,0.0654451731011595,0.0663335920854109,0.00439904075271345,0.00428024799496455,0.00439830224936268,0.0674466188293497,0.0668896003242556,0.0674437549213194,48,49,47
"122",-1.2960038530917e-06,-1.10250657293948e-06,-1.30602091490543e-06,0.0661765496064884,0.0640488401720422,0.0661702573932969,0.00437663600808943,0.0040993671941998,0.00437583015116183,0.0673752302785825,0.0653171035236636,0.0673618220907298,44,46,44
"123",4.06001782823908e-07,1.10593209837337e-06,4.13292850098423e-07,0.0660632369816816,0.0620747566090341,0.0660606903204297,0.00436015176666497,0.00385064521846897,0.00435982160178605,0.0672900567955207,0.0632227863177098,0.0672825800252755,45,50,46
"124",1.78076540761747e-06,1.25260960080281e-06,1.78226267452565e-06,0.0666242913669519,0.0608208093272436,0.0666259676767449,0.00443752852938532,0.00369704070718572,0.0044377570095348,0.067247092900758,0.0611356293056304,0.0672404036480128,45,47,45
"125",3.17725127242827e-06,2.12870972805989e-06,3.17725127242827e-06,0.0628586065935055,0.0558911171459559,0.0628586065935055,0.00395734814410235,0.00312522456395347,0.00395734814410235,0.0673565276346686,0.0604213984527391,0.0673565276346686,37,30,37
"126",1.91349345682192e-06,1.91349345682192e-06,1.91349345682192e-06,0.0663421966658339,0.0663421966658339,0.0663421966658339,0.00440054722859903,0.00440054722859903,0.00440054722859903,0.0673396538132178,0.0673396538132178,0.0673396538132178,48,48,48
"127",-4.7164863393143e-07,-6.90381684860195e-05,-5.92899508473518e-07,0.0648949793344351,0.0712277317458087,0.0758416369686424,0.00420736943690783,0.00983458508778725,0.00574655347401239,0.0672314477760124,0.113170610076292,0.111293566794628,44,21,6
"128",1.00528946672134e-06,-8.1687941981007e-05,1.34213891807346e-06,0.067805799605118,0.0701528466330744,0.0685906609135452,0.00459403944054123,0.0115894203339253,0.0047017754226678,0.0673782832591096,0.0835354573116444,0.0805913341830089,47,116,17
"129",7.29008253604163e-07,0.000453097332488527,1.68634888261564e-06,0.0659246464532227,0.0852991374665312,0.0955851539556988,0.00434224440400624,0.212565859617901,0.00913022890763182,0.067298219787992,0.144313902087359,0.140228434862477,46,974,4
"130",-2.93744092042565e-07,7.59643581786513e-05,-2.98022657793432e-07,0.0663287925225064,0.0619590499446559,0.066317810191732,0.00439519549436781,0.00960566865966876,0.00439374271418252,0.067375795528286,0.0626198735649676,0.0676541228716355,40,221,40
"131",-3.71794059340167e-07,-0.000114408100295997,-3.71794059340167e-07,0.0645563372425613,0.0734436113997837,0.0645563372425613,0.00416349138831969,0.0184777835047259,0.00416349138831969,0.0672628693122567,0.0684172994415704,0.0672628693122567,36,403,36
"132",-3.30487088439286e-07,-3.30487088439286e-07,-3.30487088439286e-07,0.0643083985426602,0.0643083985426602,0.0643083985426602,0.00413154377471412,0.00413154377471412,0.00413154377471412,0.0672539722917267,0.0672539722917267,0.0672539722917267,41,41,41
"133",-1.72605284415815e-06,-2.15641579103201e-06,-1.71765391288636e-06,0.0656193257000017,0.0650604768945615,0.0656122129770756,0.00430456926783841,0.00423328291715783,0.00430360786422183,0.0673139273054957,0.0667654746768691,0.0673093952519168,585,598,586
"134",-1.18205842208809e-07,-5.73220805243997e-07,-1.17062536469144e-07,0.0655651407136532,0.0636240266243999,0.065563687240288,0.00429450286174547,0.00404429732923,0.0042943121910952,0.0672743080477446,0.0652337977270286,0.0672772522074448,633,647,634
"135",-1.09823331139877e-06,-4.90089129387233e-07,-1.09749751855252e-06,0.0675124810690766,0.0620563384297828,0.0675064629551007,0.00455458328140858,0.00384737833752717,0.00455376991897091,0.0671070291927904,0.0630286639724724,0.0671015055003456,592,672,591
"136",1.93025278311575e-06,1.30881624875213e-07,1.9242965740976e-06,0.0671651248924918,0.0609335555565905,0.0671675522830455,0.00451036872362893,0.00370920242457507,0.00451067151692104,0.0671917023119194,0.0611598441687177,0.0671910381787925,612,690,611
"137",-4.66334881901225e-06,-5.08101874191368e-06,-4.66334881901225e-06,0.064350128290038,0.0568083113312009,0.064350128290038,0.00415854489414119,0.00324977380352203,0.00415854489414119,0.0672690335321119,0.0603118749980584,0.0672690335321119,581,673,581
"138",4.71480534165543e-07,4.71480534165543e-07,4.71480534165543e-07,0.0664732001577076,0.0664732001577076,0.0664732001577076,0.00441448994676155,0.00441448994676155,0.00441448994676155,0.0672844679140309,0.0672844679140309,0.0672844679140309,632,632,632
"139",3.50370700943426e-06,-3.70531881924251e-05,4.67619079134852e-06,0.065952126725169,0.07440507884058,0.0756881383159954,0.00435760929936114,0.00690351839673893,0.00574483234777659,0.0673314952656279,0.111100140360737,0.112111704223435,637,83,186
"140",-5.66840003697837e-07,-8.62625456963203e-05,-9.74639358669038e-07,0.0625412388883388,0.063091885498602,0.0649357910434038,0.00390781646271637,0.0114178322197627,0.00421339022335364,0.0674115474850337,0.0864276123830794,0.0875857976599713,603,50,360
"141",1.68490792730184e-06,0.000165604681708242,1.37423115168807e-06,0.0670292258435068,0.0679150566223964,0.0716473349638697,0.00449126311478614,0.0320327530647953,0.00513009577807579,0.0673226071931884,0.091943155488886,0.0962080252291511,603,977,298
"142",-4.66522317039126e-07,2.49303838378966e-05,-4.09604587928211e-07,0.068311028964098,0.0623571468202825,0.0683574703842855,0.00466194792452798,0.00450604938411155,0.00466823878949959,0.0671984975379264,0.0629919372542286,0.0694330231257767,598,805,575
"143",4.29630366755176e-07,-8.94644808963549e-05,4.29630366755176e-07,0.0655686402695944,0.070152201155507,0.0655686402695944,0.00429513192246871,0.01292030333769,0.00429513192246871,0.0671677494910936,0.069282292443372,0.0671677494910936,605,145,605
"144",1.89584249837483e-07,1.89584249837483e-07,1.89584249837483e-07,0.0668392583828084,0.0668392583828084,0.0668392583828084,0.00446305491689044,0.00446305491689044,0.00446305491689044,0.0672130652253089,0.0672130652253089,0.0672130652253089,610,610,610
"145",6.59119250519499e-07,9.0681867397028e-07,6.7234228223669e-07,0.0606727443691126,0.0591921241643417,0.0606708015390984,0.0036779351655568,0.00350102617563122,0.00367771725738175,0.0601312959771995,0.058572956766032,0.0601183755320845,54,53,53
"146",6.42703830336925e-07,-1.45132047711654e-07,6.32903191393994e-07,0.0586723906278711,0.0550934978003452,0.0586822087634229,0.00343942004078103,0.00303227926968805,0.00344055859017827,0.0602207162963277,0.0554889927773232,0.0602195215040294,47,51,47
"147",1.41114457494516e-06,7.26226884199654e-07,1.40533585170919e-06,0.0615208070969886,0.0531861647747404,0.0615115174839242,0.00378301622517042,0.00282646676080972,0.00378185808524804,0.0601621629379102,0.0524330268940499,0.060160738803315,58,57,58
"148",-3.87587822189237e-07,-9.14013890848102e-07,-3.91234528598462e-07,0.0603214175891845,0.0505199921181314,0.060317488456606,0.00363518497086872,0.00255055275540511,0.00363471427875545,0.0601013590020826,0.050860130695615,0.0601053263204377,47,49,46
"149",1.05479685985057e-06,1.00821441758765e-07,1.05479685985057e-06,0.0605962483685972,0.053082710481844,0.0605962483685972,0.00366934600744792,0.00281496654291028,0.00366934600744792,0.0602186415079654,0.0522223231323805,0.0602186415079654,43,53,43
"150",3.23810718741108e-06,3.23810718741108e-06,3.23810718741108e-06,0.0577346701992194,0.0577346701992194,0.0577346701992194,0.00334044418902678,0.00334044418902678,0.00334044418902678,0.0600996623182499,0.0600996623182499,0.0600996623182499,46,46,46
"151",-1.63452438879136e-06,0.000106880752317929,-2.35522561261141e-06,0.0592183074056163,0.0618674972890285,0.0596069475887237,0.00350597279403164,0.0152472548496337,0.00355498230033031,0.060196785360153,0.0999591902742461,0.0838244081899219,47,76,2
"152",1.42913125587442e-06,1.2258805174323e-05,9.70313078451314e-07,0.0596439893605874,0.0547003001638751,0.0603070454508138,0.00355589047752554,0.00313940901948203,0.00363424429874573,0.0601734100523303,0.107621674936458,0.11806773126103,42,0,0
"153",-1.77554733369212e-06,0.000359866915467294,-2.03604717115537e-06,0.0590595266303248,0.0837543513506176,0.0592895402898173,0.00348769222644642,0.136511973426737,0.00351587982627326,0.0602106098386394,0.117509062107682,0.0971381374591819,46,940,2
"154",-8.16109768004663e-07,-6.73685927040335e-05,-5.52020616274849e-07,0.0584710283945532,0.0491222209602103,0.0591979509747389,0.00341610833550856,0.00694910688239361,0.00350119772896878,0.0601458505959103,0.0560386763519793,0.0657117890089251,38,200,26
"155",7.57847115589909e-07,0.00014480200725056,7.57847115589909e-07,0.0594641704462966,0.0534125552523149,0.0594641704462966,0.00353302591154995,0.0238176694613143,0.00353302591154995,0.0602024769485883,0.0544717147954337,0.0602024769485883,48,764,48
"156",-4.09629257770389e-07,-4.09629257770389e-07,-4.09629257770389e-07,0.0589712882228479,0.0589712882228479,0.0589712882228479,0.00347430301795635,0.00347430301795635,0.00347430301795635,0.060259454416584,0.060259454416584,0.060259454416584,52,52,52
"157",2.58506385409339e-06,2.16640868428439e-06,2.5735213025536e-06,0.0593719229657248,0.0574583318423839,0.0593555807928915,0.00352818276654105,0.00330285176479874,0.0035261848981849,0.0601533217389095,0.0586223154274664,0.060154925129584,732,749,732
"158",-1.5981699240429e-06,-1.6255239871847e-06,-1.59804518546383e-06,0.0594223789130829,0.054903507796259,0.0594286244760505,0.00353004224368042,0.00301402310139846,0.00353078339412309,0.0600513821724334,0.0553227730583892,0.0600509190457953,688,765,687
"159",1.03656158124683e-06,-8.18388220130082e-07,1.04589246711207e-06,0.0606792065116877,0.0519077622422761,0.0606871914264303,0.00367935859669687,0.00269239112449851,0.00368034615907773,0.060050246785992,0.052346675320464,0.0600447841344622,717,819,717
"160",-1.3682693851826e-06,-2.27582006733026e-06,-1.37782522373087e-06,0.0597828295788852,0.049934037837516,0.0597879460026848,0.003572284886856,0.00249609408360259,0.00357292229107988,0.060098091409554,0.0508684319121105,0.0600982051477681,696,834,696
"161",-1.34216041517438e-07,-1.5259057978707e-06,-1.34216041517438e-07,0.0608042343980584,0.0513347547961992,0.0608042343980584,0.0036934757797591,0.00263495018143988,0.0036934757797591,0.0601312711421736,0.0521500968247254,0.0601312711421736,686,825,686
"162",2.64418981305385e-06,2.64418981305385e-06,2.64418981305385e-06,0.0601606804400833,0.0601606804400833,0.0601606804400833,0.00362267990331026,0.00362267990331026,0.00362267990331026,0.060202637932673,0.060202637932673,0.060202637932673,718,718,718
"163",1.53518653460348e-06,1.56952876486551e-05,1.95548626763977e-06,0.0590639167710108,0.0569644984049951,0.0590247315504684,0.00348741451576458,0.00348805117882818,0.00348425894221319,0.059956015138668,0.170426226513208,0.175961957255369,708,3,3
"164",-1.68051113348333e-06,0.000158046131907923,-1.83703414117597e-06,0.062374862487567,0.0575705574718871,0.0627311530857989,0.00388955696454231,0.0282896345295927,0.00393463706434231,0.0600816320154109,0.0893066603950667,0.0944578382387389,693,988,275
"165",-7.00393277855013e-07,-9.9078755509654e-05,-5.84770379829869e-07,0.0600270769808325,0.0721069045341707,0.0602258942284983,0.00360013727163559,0.0150108060691603,0.00362387313368377,0.0602011530937147,0.0756686037922419,0.0620378291512876,699,96,673
"166",1.42480629367326e-06,2.39549715987598e-05,1.42954847984224e-06,0.0597840920853617,0.0506769854867835,0.0597899287173976,0.00357259360177903,0.00313942936546702,0.00357330434931168,0.0601134747401711,0.0509236505705227,0.060112023675189,712,929,712
"167",1.17463916578732e-07,-8.47361398513696e-05,1.17463916578732e-07,0.0584916336231979,0.0508861760625397,0.0584916336231979,0.0034178637304782,0.00976702690826438,0.0034178637304782,0.0601626328851098,0.052926514833866,0.0601626328851098,706,229,706
"168",2.3774831021682e-06,2.3774831021682e-06,2.3774831021682e-06,0.0600681678759835,0.0600681678759835,0.0600681678759835,0.00361022903308646,0.00361022903308646,0.00361022903308646,0.0602005869197682,0.0602005869197682,0.0602005869197682,710,710,710
"169",-1.70592989641796e-08,3.7389986700765e-07,-1.12577441275991e-08,0.0650130868449605,0.0638049017274762,0.0650087834927505,0.00422247505066895,0.00406713422007899,0.0042219159160129,0.0655171726191028,0.0645111411010546,0.0655024834909614,54,56,54
"170",4.1431247599102e-06,4.01362015626238e-06,4.14841001018723e-06,0.066425020039346,0.062499702380514,0.066422800689849,0.00442503648671646,0.00391841573161393,0.00442478576864454,0.0656201421172721,0.0621492363655448,0.0656096110570302,53,63,53
"171",-5.26960463537983e-07,1.28348295999655e-06,-5.14445962441879e-07,0.0651628635645967,0.059191243608233,0.0651691381853266,0.00424223027648044,0.00350174704507789,0.00424303420989466,0.0656015193488588,0.0592924205789187,0.065599718397576,46,52,46
"172",3.10268433773956e-06,3.55854960255333e-06,3.10783817883562e-06,0.0644797655892778,0.0560031256019993,0.0644748058300878,0.00416310918037741,0.00314587700238994,0.00416250224438653,0.0655344480425936,0.0569797405551268,0.0655293098270332,42,58,42
"173",-3.58669612287954e-06,-3.07325227770247e-06,-3.58669612287954e-06,0.0641729133750555,0.0556824919023392,0.0641729133750555,0.00412690903730921,0.00310688424411203,0.00412690903730921,0.0656632758708209,0.0571992553259115,0.0656632758708209,34,45,34
"174",4.79503687137236e-07,4.79503687137236e-07,4.79503687137236e-07,0.0650554543011082,0.0650554543011082,0.0650554543011082,0.00422820984597524,0.00422820984597524,0.00422820984597524,0.0656196534924661,0.0656196534924661,0.0656196534924661,54,54,54
"175",-2.87526918488561e-06,-6.9627756398132e-06,-2.62758776943228e-06,0.0650790315542851,0.0739688923220177,0.0747961070758336,0.00423931224058115,0.00551440587892528,0.00559576739355192,0.0657067415705697,0.0992307990743746,0.10223465639109,48,9,8
"176",6.5283604307065e-08,0.000238791884514883,-8.81767361767584e-07,0.0671879244129245,0.0736899463470121,0.0780581801464808,0.00450970723167893,0.0624463420946023,0.00608776392197294,0.0655588206547311,0.137205839543096,0.1121500971593,57,333,5
"177",5.30562112514612e-07,-0.000156500691067622,5.13947972056014e-07,0.0625070050057033,0.0633124734785896,0.0740471449466034,0.00390350004526348,0.0284969271333223,0.00547776083758654,0.0655680372521909,0.0920859100312665,0.103821875965276,40,343,7
"178",-4.54476487583443e-07,-0.000236702428465688,2.45445297708142e-07,0.0697688220764741,0.0859139707177022,0.0714225728237904,0.00486302739428252,0.0634018687956717,0.00509614296825503,0.0655511603910212,0.0843805300368383,0.0788863827588722,64,788,29
"179",1.06017810629088e-06,-9.00175486081892e-05,1.06017810629088e-06,0.0670389788839052,0.0756543586676716,0.0670389788839052,0.00449085444272395,0.013821017460859,0.00449085444272395,0.0656048942694464,0.0715285428283692,0.0656048942694464,60,261,60
"180",2.30663211166875e-06,2.30663211166875e-06,2.30663211166875e-06,0.0654060371573819,0.0654060371573819,0.0654060371573819,0.00427899229863477,0.00427899229863477,0.00427899229863477,0.0654901775773356,0.0654901775773356,0.0654901775773356,47,47,47
"181",-1.17660501401949e-06,-1.17933121368965e-06,-1.17320393138189e-06,0.0666956225721596,0.065695387190568,0.0666966513815823,0.00444524216357669,0.00431295883633211,0.00444537126967542,0.0656056152388431,0.0645912425827723,0.0655900916243452,607,633,608
"182",-7.71130039040892e-07,-1.18748066657363e-06,-7.69267786887968e-07,0.0646489488166646,0.061836037771865,0.0646410144036905,0.00417590173805374,0.00382128198208968,0.00417487405532293,0.0656228086164912,0.0621571437913949,0.0656053837261467,625,660,628
"183",-2.51002210875313e-07,-6.38860311079682e-08,-2.52850478956502e-07,0.066873254033858,0.0604762506814316,0.0668690677226775,0.0044676230750817,0.00365372360101184,0.00446706467924664,0.0656241234571284,0.0592886211403793,0.0656177539807273,624,719,624
"184",-1.76961209963264e-06,-1.12421517110636e-06,-1.76261773117455e-06,0.0651606372288187,0.0553486068166036,0.0651608210972889,0.00424479426240481,0.00306166866801339,0.00424479349473307,0.0654522757305366,0.0569147325842435,0.0654466476228663,627,738,627
"185",-1.07216542787173e-06,-1.53262060019362e-06,-1.07216542787173e-06,0.0683821508102215,0.0595651343504401,0.0683821508102215,0.00467259196958717,0.00354680615085993,0.00467259196958717,0.0655934131641867,0.0571479647758782,0.0655934131641867,620,725,620
"186",2.00124596367146e-06,2.00124596367146e-06,2.00124596367146e-06,0.0662169413672379,0.0662169413672379,0.0662169413672379,0.00438430362611531,0.00438430362611531,0.00438430362611531,0.0656957923404515,0.0656957923404515,0.0656957923404515,641,641,641
"187",5.29681644165946e-07,3.48656069242325e-05,-5.60036615548586e-08,0.0622743633490173,0.0723852574258884,0.0734318095121755,0.00387449879683907,0.0064499964133146,0.00538684155399431,0.0655865863224924,0.137250630854447,0.141335969529465,636,129,45
"188",8.49054594273181e-07,-0.000134909883098307,7.69491754877479e-07,0.0640373475100989,0.0692212481241181,0.06905529650954,0.00409740198795709,0.0229874661682676,0.0047644574596053,0.0655080378293861,0.100887512388314,0.0873782672386737,631,7,382
"189",3.09146437740593e-06,-0.000179731625984179,2.35455276283947e-06,0.0662880208489804,0.0760115649707757,0.0717080509187294,0.00439926475836356,0.038075437630214,0.00514244644070951,0.0655295183071955,0.105378916738383,0.0896990203308637,651,9,384
"190",-2.35024215976816e-07,0.000166796253197298,-2.80589918675956e-07,0.0643314474011199,0.0612665713901905,0.0643950779154002,0.00413445182598043,0.0315708292577964,0.0041426580643732,0.0655472754019505,0.0637705433051094,0.0673236401068482,642,999,621
"191",1.05320248584813e-06,7.50959554809488e-05,1.05320248584813e-06,0.0636224036405017,0.0554641059261527,0.0636224036405017,0.00404487167022612,0.00871259330873795,0.00404487167022612,0.0654935520072396,0.057592904959336,0.0654935520072396,626,972,626
"192",1.69783892689951e-06,1.69783892689951e-06,1.69783892689951e-06,0.0646125720063487,0.0646125720063487,0.0646125720063487,0.00417349233383602,0.00417349233383602,0.00417349233383602,0.0654276827678328,0.0654276827678328,0.0654276827678328,625,625,625
"193",3.06618474592458e-06,3.75611412379839e-06,3.05716518081589e-06,0.0647429989916343,0.0643222842498297,0.0647485456344893,0.00419686575140848,0.00414732728817576,0.00419752804656255,0.0665101049469122,0.0658329876922251,0.0664850859145181,48,51,49
"194",-4.07657315371683e-06,-4.30249526375867e-06,-4.07802886493822e-06,0.0648652663665426,0.0617497173952783,0.0648600221161122,0.00421991372669933,0.003827726036293,0.00421924596585693,0.0665907373351609,0.0642226131472135,0.0665763216099388,45,42,44
"195",-1.8377066705077e-06,-1.51657834499394e-06,-1.84054871710742e-06,0.0684099915805068,0.0637365418502972,0.0684121702459262,0.00467862418690379,0.00406058443014416,0.00467893243229989,0.0666213820311706,0.0619871806814078,0.0666141729633773,58,58,58
"196",2.51954608871312e-07,1.59878236053599e-07,2.53776924831223e-07,0.0640906989326751,0.0587486657848545,0.0640873215051874,0.00410357355311405,0.0034479798868194,0.00410314199565911,0.0664597646060924,0.0597004830272027,0.0664557071956674,39,40,39
"197",-3.25755731098909e-07,-1.46528835401678e-06,-3.25755731098909e-07,0.0643741522432251,0.0578459909262304,0.0643741522432251,0.00413999356235323,0.00334495957753171,0.00413999356235323,0.0665734159459898,0.0591729095945116,0.0665734159459898,45,51,45
"198",-1.61213042127177e-06,-1.61213042127177e-06,-1.61213042127177e-06,0.0657762276513378,0.0657762276513378,0.0657762276513378,0.00432478457641177,0.00432478457641177,0.00432478457641177,0.066583844903474,0.066583844903474,0.066583844903474,42,42,42
"199",3.07243335838964e-07,-7.41511543761637e-05,6.48529331959925e-07,0.0647324633151737,0.0697528878351261,0.0755049077615621,0.00418619591351088,0.010358993591296,0.00569571069528033,0.0666305107382109,0.108274302334155,0.104933697720216,46,26,6
"200",8.91997755507508e-07,0.000250189001830323,5.14810999778862e-07,0.0653193352568174,0.0821225378105027,0.0891742490419627,0.00426314460282994,0.0693319037420743,0.00794435967587127,0.0666525428011128,0.133046759682343,0.134934512417191,47,456,4
"201",3.92563246854426e-07,0.000324075570007947,-1.30107911490295e-06,0.066871384353326,0.0810555314630684,0.0925876598136719,0.00446746436918771,0.111588404257555,0.0085655950818857,0.066493179384307,0.124061618043238,0.133713943360575,46,841,2
"202",2.84495873861151e-06,0.00018376231849969,3.02290452110686e-06,0.0677629013875052,0.064572265163175,0.0706363789336488,0.0045953127838727,0.0379339975512565,0.0049936464825729,0.0664928361400527,0.0824332566437387,0.0913006007422202,53,631,8
"203",1.71144934930972e-06,-2.22865336763247e-05,1.71144934930972e-06,0.0660693353757724,0.0588300295483901,0.0660693353757724,0.00436372097879455,0.00395420098759374,0.00436372097879455,0.0665875695672324,0.0592507670059103,0.0665875695672324,47,67,47
"204",1.71883355279271e-06,1.71883355279271e-06,1.71883355279271e-06,0.0680028129864088,0.0680028129864088,0.0680028129864088,0.00462271258027263,0.00462271258027263,0.00462271258027263,0.0666714663339407,0.0666714663339407,0.0666714663339407,62,62,62
"205",-1.5127847576045e-06,-1.29541471945715e-06,-1.51239867523567e-06,0.0652384439907141,0.0644855967893198,0.0652355151739207,0.00425408703747806,0.00415591190037684,0.00425370411731968,0.0665739018984745,0.0659144348742707,0.0665568004476706,597,596,598
"206",9.68489900043468e-07,1.81493505340552e-06,9.66270576155827e-07,0.0677939647471738,0.0661589002438367,0.0677916669040989,0.0045923636071714,0.00437591707064055,0.004592048070361,0.0666508848159118,0.0642824263997152,0.0666357773547535,623,642,623
"207",7.57949703723326e-08,2.31250793799119e-07,7.79577730641839e-08,0.0639873987451175,0.0601998730076634,0.0639880097828545,0.00409029855584602,0.00362045416235829,0.00409037700798909,0.066473133590448,0.061805945933597,0.0664608566941216,613,675,614
"208",5.4027622270636e-07,1.62212905434848e-06,5.44357602364944e-07,0.0636967195590714,0.0563936860055061,0.0636899001842572,0.00405350670890122,0.00317969887613529,0.00405264330729441,0.0665712123046398,0.0597882365721262,0.0665808502803296,612,732,613
"209",3.45805006249126e-07,-8.51619753426267e-08,3.45805006249126e-07,0.0634181013916498,0.0572861615582213,0.0634181013916498,0.0040179533096398,0.0032784298543306,0.0040179533096398,0.066573104097626,0.0591778382688301,0.066573104097626,611,714,611
"210",4.26884382515042e-07,4.26884382515042e-07,4.26884382515042e-07,0.0670066284136318,0.0670066284136318,0.0670066284136318,0.00448558059338721,0.00448558059338721,0.00448558059338721,0.0664030234079478,0.0664030234079478,0.0664030234079478,623,623,623
"211",1.14484406970747e-06,-2.34100670931932e-05,-3.1271445795512e-06,0.0661127763044308,0.0930848969439348,0.0941873954082366,0.00436783895943298,0.00920416448233171,0.00887217322155513,0.0666036082311647,0.138855394160428,0.143092104952572,630,52,74
"212",2.99356868001963e-06,2.1034463145638e-06,4.86845572627674e-06,0.0651110751365229,0.0708137933383249,0.0735092223810976,0.0042441741067705,0.00501400322003428,0.00542190403045731,0.0665436076835706,0.0922465618245836,0.0987074046710605,625,343,306
"213",-3.01376070636459e-06,-1.82105876979534e-05,-5.35329135200643e-06,0.066928588514073,0.0752629881975829,0.0835436629417492,0.00448403927812085,0.00599047837934192,0.00700122180240633,0.0665223081284769,0.0994190529018865,0.113974728143994,582,200,177
"214",1.28334454894817e-06,0.000146205904479614,1.28775210329452e-06,0.0653573241890627,0.0738993039985515,0.0665924455116009,0.0042689552185604,0.0268318125290407,0.00443177755089585,0.0665715519369165,0.0916674182784725,0.0850910626273928,635,940,417
"215",3.08735182539087e-08,6.61687638942279e-05,3.08735182539087e-08,0.066981226063284,0.0712577934702257,0.066981226063284,0.00448199911346994,0.00945090077240517,0.00448199911346994,0.0666255415628692,0.0700386051324427,0.0666255415628692,620,861,620
"216",-1.9791046457487e-06,-1.9791046457487e-06,-1.9791046457487e-06,0.0663108557193263,0.0663108557193263,0.0663108557193263,0.00439664931184191,0.00439664931184191,0.00439664931184191,0.0665829372702567,0.0665829372702567,0.0665829372702567,606,606,606
